Ground Truth File,Recolour File,Mean zScore
015004_gt.jpg,015004_gt.jpg,0.3969867273949054
015004_gt.jpg,015004A.jpg,1.1772208267746949
015004_gt.jpg,015004AB_1.jpg,-0.901569838672819
015004_gt.jpg,015004AB_2.jpg,0.0673515206000679
015004_gt.jpg,015004AB_3.jpg,0.6034276957462306
015004_gt.jpg,015004AB_4.jpg,0.1417781815466868
015004_gt.jpg,015004AC_1.jpg,0.4118934705962758
015004_gt.jpg,015004AC_2.jpg,0.9243302491731418
015004_gt.jpg,015004AC_3.jpg,1.3335810368776997
015004_gt.jpg,015004AC_4.jpg,-0.2184318540456223
015004_gt.jpg,015004AD_1.jpg,0.3600045914633542
015004_gt.jpg,015004AD_2.jpg,-0.1625520285501298
015004_gt.jpg,015004AD_3.jpg,-1.226292368114138
015004_gt.jpg,015004AD_4.jpg,-1.572658095271375
015004_gt.jpg,015004AF_1.jpg,1.0666958730506593
015004_gt.jpg,015004AF_10.jpg,0.7647584384871444
015004_gt.jpg,015004AF_11.jpg,-1.0082107739511903
015004_gt.jpg,015004AF_12.jpg,-0.2959738882295265
015004_gt.jpg,015004AF_13.jpg,-1.0766664760240636
015004_gt.jpg,015004AF_2.jpg,0.7463173167500021
015004_gt.jpg,015004AF_3.jpg,0.4666284889405935
015004_gt.jpg,015004AF_4.jpg,0.7285998705578578
015004_gt.jpg,015004AF_5.jpg,0.3714939523438148
015004_gt.jpg,015004AF_6.jpg,1.0587684141592453
015004_gt.jpg,015004AF_7.jpg,-0.0791565747997369
015004_gt.jpg,015004AF_8.jpg,1.0581494815107204
015004_gt.jpg,015004AF_9.jpg,-0.7659889492088974
015004_gt.jpg,015004AG_1.jpg,0.3740963309111006
015004_gt.jpg,015004AG_2.jpg,0.2777693485540786
015004_gt.jpg,015004AG_3.jpg,1.018007435687731
015004_gt.jpg,015004AG_4.jpg,-0.5576625281508181
015004_gt.jpg,015004B_1.jpg,-0.2389117410450273
015004_gt.jpg,015004B_2.jpg,0.3679090106191652
015004_gt.jpg,015004B_3.jpg,0.1183194676034848
015004_gt.jpg,015004B_4.jpg,-0.5335264232576402
015004_gt.jpg,015004C_1.jpg,0.4530375083586254
015004_gt.jpg,015004C_2.jpg,0.5142234897678415
015004_gt.jpg,015004C_3.jpg,0.0068576657843093
015004_gt.jpg,015004C_4.jpg,-0.3591252275093637
015004_gt.jpg,015004D_1.jpg,0.4616090123027526
015004_gt.jpg,015004D_2.jpg,-0.390661914917354
015004_gt.jpg,015004D_3.jpg,-1.0709062724968863
015004_gt.jpg,015004D_4.jpg,-1.2836229700695827
015004_gt.jpg,015004F_1.jpg,0.4239217209148086
015004_gt.jpg,015004F_10.jpg,-0.182137711653704
015004_gt.jpg,015004F_11.jpg,-1.209295855733127
015004_gt.jpg,015004F_12.jpg,-1.208442506401835
015004_gt.jpg,015004F_13.jpg,-1.184384258076539
015004_gt.jpg,015004F_2.jpg,0.5452335010166327
015004_gt.jpg,015004F_3.jpg,0.0171145836166974
015004_gt.jpg,015004F_4.jpg,0.6371779830617971
015004_gt.jpg,015004F_5.jpg,-0.196074009862998
015004_gt.jpg,015004F_6.jpg,0.8057780612819523
015004_gt.jpg,015004F_7.jpg,-0.8873083066666425
015004_gt.jpg,015004F_8.jpg,0.4625605152441773
015004_gt.jpg,015004F_9.jpg,-1.1948843268776947
015004_gt.jpg,015004G_1.jpg,-0.1372668587440789
015004_gt.jpg,015004G_2.jpg,0.585480305904285
015004_gt.jpg,015004G_3.jpg,-0.2651409761828688
015004_gt.jpg,015004G_4.jpg,-0.85046791974282
015004_gt.jpg,015004I_1.jpg,0.2347019259925924
015004_gt.jpg,015004L_1.jpg,-0.2738570399259203
015004_gt.jpg,015004O_1.jpg,1.028949339237064
015004_gt.jpg,015004P_1.jpg,-0.9845898013084464
015004_gt.jpg,015004Z_1.jpg,-0.0769486139869889
015004_gt.jpg,015004Z_2.jpg,0.5895114458674854
022090_gt.jpg,022090_gt.jpg,0.3969867273949053
022090_gt.jpg,022090A.jpg,0.5650784226329427
022090_gt.jpg,022090AB_1.jpg,0.123167306794681
022090_gt.jpg,022090AB_2.jpg,0.5104509995635773
022090_gt.jpg,022090AB_3.jpg,-0.0040282865262194
022090_gt.jpg,022090AB_4.jpg,0.075961368894664
022090_gt.jpg,022090AC_1.jpg,0.0841409122490838
022090_gt.jpg,022090AC_2.jpg,0.2928064930153868
022090_gt.jpg,022090AC_3.jpg,0.5232920895674331
022090_gt.jpg,022090AC_4.jpg,-0.2891344873484735
022090_gt.jpg,022090AD_1.jpg,-0.0103206283698322
022090_gt.jpg,022090AD_2.jpg,0.1065533852345202
022090_gt.jpg,022090AD_3.jpg,-0.1522119405281019
022090_gt.jpg,022090AD_4.jpg,-0.6145417261426561
022090_gt.jpg,022090AF_1.jpg,0.4685328504343983
022090_gt.jpg,022090AF_10.jpg,-0.1014199141777339
022090_gt.jpg,022090AF_11.jpg,-0.7116518810175989
022090_gt.jpg,022090AF_12.jpg,-0.9082759141918508
022090_gt.jpg,022090AF_13.jpg,-0.7815837981265048
022090_gt.jpg,022090AF_2.jpg,0.903565020331874
022090_gt.jpg,022090AF_3.jpg,0.0375707518335269
022090_gt.jpg,022090AF_4.jpg,0.2048196996333344
022090_gt.jpg,022090AF_5.jpg,0.230372775139868
022090_gt.jpg,022090AF_6.jpg,0.6493267904329965
022090_gt.jpg,022090AF_7.jpg,1.1767401297139215
022090_gt.jpg,022090AF_8.jpg,0.4894299831751358
022090_gt.jpg,022090AF_9.jpg,1.1761214098721733
022090_gt.jpg,022090AG_1.jpg,0.6152862619946775
022090_gt.jpg,022090AG_2.jpg,0.6640309534744226
022090_gt.jpg,022090AG_3.jpg,0.21097211456162
022090_gt.jpg,022090AG_4.jpg,0.0975964062861267
022090_gt.jpg,022090B_1.jpg,-0.191241357603909
022090_gt.jpg,022090B_2.jpg,0.3241940286396075
022090_gt.jpg,022090B_3.jpg,0.2117493638626654
022090_gt.jpg,022090B_4.jpg,-0.1598708429709142
022090_gt.jpg,022090C_1.jpg,-0.0392129163808012
022090_gt.jpg,022090C_2.jpg,0.1478382332832314
022090_gt.jpg,022090C_3.jpg,0.2215585934696606
022090_gt.jpg,022090C_4.jpg,0.2636478330359443
022090_gt.jpg,022090D_1.jpg,-0.0508117035944017
022090_gt.jpg,022090D_2.jpg,0.0671769654895374
022090_gt.jpg,022090D_3.jpg,0.3004570614934531
022090_gt.jpg,022090D_4.jpg,-0.2886746233125675
022090_gt.jpg,022090F_1.jpg,-0.2620741401228006
022090_gt.jpg,022090F_10.jpg,0.4151961865398864
022090_gt.jpg,022090F_11.jpg,-0.8410081949605204
022090_gt.jpg,022090F_12.jpg,0.7231461065388312
022090_gt.jpg,022090F_13.jpg,-0.7673123827665815
022090_gt.jpg,022090F_2.jpg,0.71430873026677
022090_gt.jpg,022090F_3.jpg,0.1480183801231512
022090_gt.jpg,022090F_4.jpg,0.5253120528121304
022090_gt.jpg,022090F_5.jpg,0.4603579202489765
022090_gt.jpg,022090F_6.jpg,0.7252303798243748
022090_gt.jpg,022090F_7.jpg,0.1369989913445957
022090_gt.jpg,022090F_8.jpg,0.4101800594962873
022090_gt.jpg,022090F_9.jpg,0.0204814225573313
022090_gt.jpg,022090G_1.jpg,0.5206950088169789
022090_gt.jpg,022090G_2.jpg,0.2827493656177622
022090_gt.jpg,022090G_3.jpg,0.0801330633919619
022090_gt.jpg,022090G_4.jpg,0.3062307048244408
022090_gt.jpg,022090I_1.jpg,0.7435281094092709
022090_gt.jpg,022090L_1.jpg,0.7389973226870723
022090_gt.jpg,022090O_1.jpg,1.1904408033066367
022090_gt.jpg,022090P_1.jpg,0.4141764379266576
022090_gt.jpg,022090Z_1.jpg,0.7166645997490224
022090_gt.jpg,022090Z_2.jpg,0.5074407213620694
022093_gt.jpg,022093_gt.jpg,0.3969867273949057
022093_gt.jpg,022093A.jpg,0.7091910892658211
022093_gt.jpg,022093AB_1.jpg,-0.4090658736834632
022093_gt.jpg,022093AB_2.jpg,-0.1863314262827884
022093_gt.jpg,022093AB_3.jpg,0.7002592245151774
022093_gt.jpg,022093AB_4.jpg,-0.0461251109282446
022093_gt.jpg,022093AC_1.jpg,-0.364902168760729
022093_gt.jpg,022093AC_2.jpg,0.1848460590360745
022093_gt.jpg,022093AC_3.jpg,0.7380700088435556
022093_gt.jpg,022093AC_4.jpg,0.3722777449610598
022093_gt.jpg,022093AD_1.jpg,0.6433369142197346
022093_gt.jpg,022093AD_2.jpg,-0.0746150716962304
022093_gt.jpg,022093AD_3.jpg,-0.4073242061812842
022093_gt.jpg,022093AD_4.jpg,-0.5450791893736641
022093_gt.jpg,022093AF_1.jpg,0.825494173058096
022093_gt.jpg,022093AF_10.jpg,0.4349830685968974
022093_gt.jpg,022093AF_11.jpg,0.973887430262742
022093_gt.jpg,022093AF_12.jpg,0.1938573318942743
022093_gt.jpg,022093AF_13.jpg,0.2403685682598388
022093_gt.jpg,022093AF_2.jpg,0.3423193934193383
022093_gt.jpg,022093AF_3.jpg,0.8214403619558164
022093_gt.jpg,022093AF_4.jpg,-0.0357608516315382
022093_gt.jpg,022093AF_5.jpg,0.6283355102007179
022093_gt.jpg,022093AF_6.jpg,1.0659392789124225
022093_gt.jpg,022093AF_7.jpg,1.0228231140146429
022093_gt.jpg,022093AF_8.jpg,0.700461236822214
022093_gt.jpg,022093AF_9.jpg,0.4578991257922192
022093_gt.jpg,022093AG_1.jpg,0.4090960377615578
022093_gt.jpg,022093AG_2.jpg,0.3297869278266737
022093_gt.jpg,022093AG_3.jpg,0.3942125717556197
022093_gt.jpg,022093AG_4.jpg,0.232584939717919
022093_gt.jpg,022093B_1.jpg,-0.5484171391603038
022093_gt.jpg,022093B_2.jpg,0.1959216080950429
022093_gt.jpg,022093B_3.jpg,0.2632235903872927
022093_gt.jpg,022093B_4.jpg,-0.328345275367735
022093_gt.jpg,022093C_1.jpg,-0.2118709071248121
022093_gt.jpg,022093C_2.jpg,0.0373208643348267
022093_gt.jpg,022093C_3.jpg,0.2535893059581562
022093_gt.jpg,022093C_4.jpg,0.6186622674637237
022093_gt.jpg,022093D_1.jpg,0.4110448085759899
022093_gt.jpg,022093D_2.jpg,-0.1557988731335191
022093_gt.jpg,022093D_3.jpg,-0.2481245952622947
022093_gt.jpg,022093D_4.jpg,-0.8490167177493217
022093_gt.jpg,022093F_1.jpg,0.3642659421044205
022093_gt.jpg,022093F_10.jpg,0.1645326392783251
022093_gt.jpg,022093F_11.jpg,-1.168432801515799
022093_gt.jpg,022093F_12.jpg,-0.373651458825938
022093_gt.jpg,022093F_13.jpg,-0.8355315207258455
022093_gt.jpg,022093F_2.jpg,0.3198518158271546
022093_gt.jpg,022093F_3.jpg,0.2062178937476798
022093_gt.jpg,022093F_4.jpg,0.3843023425264884
022093_gt.jpg,022093F_5.jpg,0.1508698372602555
022093_gt.jpg,022093F_6.jpg,0.3975145832296508
022093_gt.jpg,022093F_7.jpg,0.5971898709060024
022093_gt.jpg,022093F_8.jpg,0.0093289799906226
022093_gt.jpg,022093F_9.jpg,-0.042975164388517
022093_gt.jpg,022093G_1.jpg,0.2231246953911946
022093_gt.jpg,022093G_2.jpg,-0.1186230634646837
022093_gt.jpg,022093G_3.jpg,0.4543669894033848
022093_gt.jpg,022093G_4.jpg,-0.3848928836323432
022093_gt.jpg,022093I_1.jpg,0.2525257103586334
022093_gt.jpg,022093L_1.jpg,-0.1745476910769089
022093_gt.jpg,022093O_1.jpg,0.1993153756410582
022093_gt.jpg,022093P_1.jpg,-0.5583100658734367
022093_gt.jpg,022093Z_1.jpg,-0.7125758939497786
022093_gt.jpg,022093Z_2.jpg,-0.0132272677214263
024004_gt.jpg,024004_gt.jpg,0.3969867273949057
024004_gt.jpg,024004A.jpg,-0.2378991653708512
024004_gt.jpg,024004AB_1.jpg,-0.7549183280723396
024004_gt.jpg,024004AB_2.jpg,-0.138801345206175
024004_gt.jpg,024004AB_3.jpg,0.4138341903793189
024004_gt.jpg,024004AB_4.jpg,-0.3755298541317135
024004_gt.jpg,024004AC_1.jpg,-0.3137359598401464
024004_gt.jpg,024004AC_2.jpg,-0.3268442576269975
024004_gt.jpg,024004AC_3.jpg,-0.0604338611138391
024004_gt.jpg,024004AC_4.jpg,-0.7015075486944414
024004_gt.jpg,024004AD_1.jpg,0.3430483486085037
024004_gt.jpg,024004AD_2.jpg,-0.0403304002243939
024004_gt.jpg,024004AD_3.jpg,-0.2595997425319792
024004_gt.jpg,024004AD_4.jpg,-1.0963579068698313
024004_gt.jpg,024004AF_1.jpg,0.082327142059466
024004_gt.jpg,024004AF_10.jpg,-0.1707108609994981
024004_gt.jpg,024004AF_11.jpg,-0.1799181157974751
024004_gt.jpg,024004AF_12.jpg,-0.98074637976745
024004_gt.jpg,024004AF_13.jpg,0.0866585005854322
024004_gt.jpg,024004AF_2.jpg,0.8261922804319294
024004_gt.jpg,024004AF_3.jpg,0.4282291068223396
024004_gt.jpg,024004AF_4.jpg,0.660843165227847
024004_gt.jpg,024004AF_5.jpg,-0.0940427925835076
024004_gt.jpg,024004AF_6.jpg,0.4690545505892743
024004_gt.jpg,024004AF_7.jpg,-0.6813177858883789
024004_gt.jpg,024004AF_8.jpg,0.0958316259931935
024004_gt.jpg,024004AF_9.jpg,-0.1209484751163607
024004_gt.jpg,024004AG_1.jpg,0.2833976731621967
024004_gt.jpg,024004AG_2.jpg,-0.1371967989882652
024004_gt.jpg,024004AG_3.jpg,0.4098089801184121
024004_gt.jpg,024004AG_4.jpg,-0.3570591220819135
024004_gt.jpg,024004B_1.jpg,-0.6279469700481606
024004_gt.jpg,024004B_2.jpg,-0.0502183831404214
024004_gt.jpg,024004B_3.jpg,0.2611328831163085
024004_gt.jpg,024004B_4.jpg,0.504848198120554
024004_gt.jpg,024004C_1.jpg,-0.1242668481147561
024004_gt.jpg,024004C_2.jpg,0.2222746286582129
024004_gt.jpg,024004C_3.jpg,0.3221886411981597
024004_gt.jpg,024004C_4.jpg,-0.3969492314240732
024004_gt.jpg,024004D_1.jpg,0.3924694942350532
024004_gt.jpg,024004D_2.jpg,0.0319972814781436
024004_gt.jpg,024004D_3.jpg,-1.1691301398762737
024004_gt.jpg,024004D_4.jpg,-0.7494136562832008
024004_gt.jpg,024004F_1.jpg,0.4928298210948356
024004_gt.jpg,024004F_10.jpg,-0.4778159267156672
024004_gt.jpg,024004F_11.jpg,0.3030291348915844
024004_gt.jpg,024004F_12.jpg,-0.7783201494264527
024004_gt.jpg,024004F_13.jpg,-0.4113782482520758
024004_gt.jpg,024004F_2.jpg,0.6788656587578075
024004_gt.jpg,024004F_3.jpg,0.1071352644440241
024004_gt.jpg,024004F_4.jpg,-0.1243179042297666
024004_gt.jpg,024004F_5.jpg,-0.0467236217497076
024004_gt.jpg,024004F_6.jpg,0.493388282591837
024004_gt.jpg,024004F_7.jpg,-0.3153558535525176
024004_gt.jpg,024004F_8.jpg,0.4963053233598019
024004_gt.jpg,024004F_9.jpg,-0.3610519241757486
024004_gt.jpg,024004G_1.jpg,0.607023548927972
024004_gt.jpg,024004G_2.jpg,-0.1724547313878184
024004_gt.jpg,024004G_3.jpg,0.851865829702632
024004_gt.jpg,024004G_4.jpg,-0.6918633773035878
024004_gt.jpg,024004I_1.jpg,-0.90849292814071
024004_gt.jpg,024004L_1.jpg,-0.9050757147126534
024004_gt.jpg,024004O_1.jpg,-0.5216568240726449
024004_gt.jpg,024004P_1.jpg,-0.0074186525957142
024004_gt.jpg,024004Z_1.jpg,-0.5459608309073104
024004_gt.jpg,024004Z_2.jpg,-0.4872704100552286
025098_gt.jpg,025098_gt.jpg,0.3969867273949057
025098_gt.jpg,025098A.jpg,0.1988943559469727
025098_gt.jpg,025098AB_1.jpg,-1.3266908257972645
025098_gt.jpg,025098AB_2.jpg,-0.6401268329278911
025098_gt.jpg,025098AB_3.jpg,0.5495550497454271
025098_gt.jpg,025098AB_4.jpg,-0.5218018094771198
025098_gt.jpg,025098AC_1.jpg,-0.5052117250359079
025098_gt.jpg,025098AC_2.jpg,-0.0002153880677915
025098_gt.jpg,025098AC_3.jpg,0.5130710525347993
025098_gt.jpg,025098AC_4.jpg,-0.327690171040738
025098_gt.jpg,025098AD_1.jpg,0.4969270071578442
025098_gt.jpg,025098AD_2.jpg,-0.2664944528913469
025098_gt.jpg,025098AD_3.jpg,-1.0014214700169717
025098_gt.jpg,025098AD_4.jpg,-1.764684603454577
025098_gt.jpg,025098AF_1.jpg,0.6726995610056606
025098_gt.jpg,025098AF_10.jpg,-1.3281235823735165
025098_gt.jpg,025098AF_11.jpg,-0.8653362718746563
025098_gt.jpg,025098AF_12.jpg,-1.3796414928882244
025098_gt.jpg,025098AF_13.jpg,-1.0298130846653948
025098_gt.jpg,025098AF_2.jpg,0.4238336466294473
025098_gt.jpg,025098AF_3.jpg,0.8846967762747515
025098_gt.jpg,025098AF_4.jpg,0.333312579215188
025098_gt.jpg,025098AF_5.jpg,0.4703071281169469
025098_gt.jpg,025098AF_6.jpg,0.1339114901249354
025098_gt.jpg,025098AF_7.jpg,0.3036126603253757
025098_gt.jpg,025098AF_8.jpg,-0.2305519328563487
025098_gt.jpg,025098AF_9.jpg,-1.1240804542739031
025098_gt.jpg,025098AG_1.jpg,0.165706808154823
025098_gt.jpg,025098AG_2.jpg,0.1008324857790022
025098_gt.jpg,025098AG_3.jpg,0.1931566108844735
025098_gt.jpg,025098AG_4.jpg,0.0492393122415596
025098_gt.jpg,025098B_1.jpg,-1.1767377477864824
025098_gt.jpg,025098B_2.jpg,0.0209502640270553
025098_gt.jpg,025098B_3.jpg,0.5381753665465402
025098_gt.jpg,025098B_4.jpg,-0.7384416466502508
025098_gt.jpg,025098C_1.jpg,-0.8407394625326021
025098_gt.jpg,025098C_2.jpg,-0.4739562567769015
025098_gt.jpg,025098C_3.jpg,0.3409686889894094
025098_gt.jpg,025098C_4.jpg,-1.1041969137359111
025098_gt.jpg,025098D_1.jpg,-0.0989343093506068
025098_gt.jpg,025098D_2.jpg,-0.7094731652072335
025098_gt.jpg,025098D_3.jpg,-0.5278588997321613
025098_gt.jpg,025098D_4.jpg,-1.5202516346003612
025098_gt.jpg,025098F_1.jpg,0.2989537491051227
025098_gt.jpg,025098F_10.jpg,-0.6861022746790734
025098_gt.jpg,025098F_11.jpg,-0.0095037081242964
025098_gt.jpg,025098F_12.jpg,-0.7227069986875464
025098_gt.jpg,025098F_13.jpg,-1.2886380873431675
025098_gt.jpg,025098F_2.jpg,0.344496182449312
025098_gt.jpg,025098F_3.jpg,0.2482509169411905
025098_gt.jpg,025098F_4.jpg,0.503481067707359
025098_gt.jpg,025098F_5.jpg,0.1637216837068123
025098_gt.jpg,025098F_6.jpg,0.5602990874543623
025098_gt.jpg,025098F_7.jpg,-0.9409169473266834
025098_gt.jpg,025098F_8.jpg,-0.0467488983959838
025098_gt.jpg,025098F_9.jpg,-1.35227113155733
025098_gt.jpg,025098G_1.jpg,0.3808077810491682
025098_gt.jpg,025098G_2.jpg,0.1912683296396078
025098_gt.jpg,025098G_3.jpg,-0.2677482417384421
025098_gt.jpg,025098G_4.jpg,-1.007773002620961
025098_gt.jpg,025098I_1.jpg,-0.5185784634415426
025098_gt.jpg,025098L_1.jpg,-0.4720626901756741
025098_gt.jpg,025098O_1.jpg,0.2094021906467458
025098_gt.jpg,025098P_1.jpg,0.1828495403597546
025098_gt.jpg,025098Z_1.jpg,-0.2386698808324642
025098_gt.jpg,025098Z_2.jpg,-0.4594236971765359
046076_gt.jpg,046076_gt.jpg,0.3969867273949057
046076_gt.jpg,046076A.jpg,0.817137231531009
046076_gt.jpg,046076AB_1.jpg,-0.826294699070624
046076_gt.jpg,046076AB_2.jpg,-0.0807871981046754
046076_gt.jpg,046076AB_3.jpg,1.1620397325065517
046076_gt.jpg,046076AB_4.jpg,0.9886968081710716
046076_gt.jpg,046076AC_1.jpg,0.6384377809895787
046076_gt.jpg,046076AC_2.jpg,1.0041759594715585
046076_gt.jpg,046076AC_3.jpg,0.756603561873648
046076_gt.jpg,046076AC_4.jpg,0.4532844474199439
046076_gt.jpg,046076AD_1.jpg,1.0098937560808412
046076_gt.jpg,046076AD_2.jpg,-0.1938057243846953
046076_gt.jpg,046076AD_3.jpg,-0.7196367634688023
046076_gt.jpg,046076AD_4.jpg,-1.0041832389845036
046076_gt.jpg,046076AF_1.jpg,1.1192689051783788
046076_gt.jpg,046076AF_10.jpg,0.3075208582231051
046076_gt.jpg,046076AF_11.jpg,-0.16234930700512
046076_gt.jpg,046076AF_12.jpg,-0.5770656439038445
046076_gt.jpg,046076AF_13.jpg,-0.1691170447150514
046076_gt.jpg,046076AF_2.jpg,0.7117156316748211
046076_gt.jpg,046076AF_3.jpg,0.9019923405464438
046076_gt.jpg,046076AF_4.jpg,0.8036562314219746
046076_gt.jpg,046076AF_5.jpg,0.5592755816744505
046076_gt.jpg,046076AF_6.jpg,0.4654122375714423
046076_gt.jpg,046076AF_7.jpg,0.7368790992182037
046076_gt.jpg,046076AF_8.jpg,0.6191803384761518
046076_gt.jpg,046076AF_9.jpg,0.2811240590724141
046076_gt.jpg,046076AG_1.jpg,0.9066647133776184
046076_gt.jpg,046076AG_2.jpg,0.9530124722971136
046076_gt.jpg,046076AG_3.jpg,0.8488943503217609
046076_gt.jpg,046076AG_4.jpg,0.4424955156963127
046076_gt.jpg,046076B_1.jpg,-1.2035162330144276
046076_gt.jpg,046076B_2.jpg,-0.1912705872150764
046076_gt.jpg,046076B_3.jpg,0.1313329013503052
046076_gt.jpg,046076B_4.jpg,-0.3818086175737688
046076_gt.jpg,046076C_1.jpg,0.1898480790151343
046076_gt.jpg,046076C_2.jpg,0.4572246085890668
046076_gt.jpg,046076C_3.jpg,-0.0417674713153714
046076_gt.jpg,046076C_4.jpg,-0.5625924752750446
046076_gt.jpg,046076D_1.jpg,0.1125880415372737
046076_gt.jpg,046076D_2.jpg,-0.0884493322574376
046076_gt.jpg,046076D_3.jpg,-1.1434966799280049
046076_gt.jpg,046076D_4.jpg,-0.9199227445101096
046076_gt.jpg,046076F_1.jpg,-0.0547538106456543
046076_gt.jpg,046076F_10.jpg,-0.5038559494999386
046076_gt.jpg,046076F_11.jpg,-0.7902009949651382
046076_gt.jpg,046076F_12.jpg,-1.2599694131246628
046076_gt.jpg,046076F_13.jpg,-0.2973515185887515
046076_gt.jpg,046076F_2.jpg,0.3128079757646597
046076_gt.jpg,046076F_3.jpg,0.1252034100701634
046076_gt.jpg,046076F_4.jpg,0.2528019666825781
046076_gt.jpg,046076F_5.jpg,-0.2236086885792626
046076_gt.jpg,046076F_6.jpg,-0.036292538027815
046076_gt.jpg,046076F_7.jpg,0.1323778990726149
046076_gt.jpg,046076F_8.jpg,0.3590274237746454
046076_gt.jpg,046076F_9.jpg,-0.795354049853642
046076_gt.jpg,046076G_1.jpg,-0.0908539589872874
046076_gt.jpg,046076G_2.jpg,0.2146365224933613
046076_gt.jpg,046076G_3.jpg,-0.0901332656507885
046076_gt.jpg,046076G_4.jpg,0.3662353678322442
046076_gt.jpg,046076I_1.jpg,0.2789535644864025
046076_gt.jpg,046076L_1.jpg,0.3603211286270205
046076_gt.jpg,046076O_1.jpg,0.2357049167729918
046076_gt.jpg,046076P_1.jpg,-0.161185917202369
046076_gt.jpg,046076Z_1.jpg,-0.8481483719922457
046076_gt.jpg,046076Z_2.jpg,-0.63341401313145
056028_gt.jpg,056028_gt.jpg,0.3969867273949057
056028_gt.jpg,056028A.jpg,0.6190409196640209
056028_gt.jpg,056028AB_1.jpg,-0.4826237611963037
056028_gt.jpg,056028AB_2.jpg,-0.2776092114357843
056028_gt.jpg,056028AB_3.jpg,0.8247448370720151
056028_gt.jpg,056028AB_4.jpg,0.5135813867736349
056028_gt.jpg,056028AC_1.jpg,0.4159258357880434
056028_gt.jpg,056028AC_2.jpg,0.5109242674308994
056028_gt.jpg,056028AC_3.jpg,0.6159896701289138
056028_gt.jpg,056028AC_4.jpg,0.5193041311971152
056028_gt.jpg,056028AD_1.jpg,-0.0297823973388549
056028_gt.jpg,056028AD_2.jpg,0.0033860958239882
056028_gt.jpg,056028AD_3.jpg,-0.3928247253301792
056028_gt.jpg,056028AD_4.jpg,0.1922521182961732
056028_gt.jpg,056028AF_1.jpg,0.7637569379543224
056028_gt.jpg,056028AF_10.jpg,0.6943208987059846
056028_gt.jpg,056028AF_11.jpg,0.7391269132577151
056028_gt.jpg,056028AF_12.jpg,0.3060816189977963
056028_gt.jpg,056028AF_13.jpg,-0.0030842765780641
056028_gt.jpg,056028AF_2.jpg,0.5405051243907345
056028_gt.jpg,056028AF_3.jpg,0.160625926224199
056028_gt.jpg,056028AF_4.jpg,0.4422397881838991
056028_gt.jpg,056028AF_5.jpg,0.4093548939477207
056028_gt.jpg,056028AF_6.jpg,0.3339320829816556
056028_gt.jpg,056028AF_7.jpg,0.2450134512938049
056028_gt.jpg,056028AF_8.jpg,0.4185056408980238
056028_gt.jpg,056028AF_9.jpg,-0.0961229408686746
056028_gt.jpg,056028AG_1.jpg,0.5136844986368325
056028_gt.jpg,056028AG_2.jpg,0.246982598697515
056028_gt.jpg,056028AG_3.jpg,0.1726742855937951
056028_gt.jpg,056028AG_4.jpg,0.0820191005945059
056028_gt.jpg,056028B_1.jpg,-0.3889950177875503
056028_gt.jpg,056028B_2.jpg,-0.2107525412004777
056028_gt.jpg,056028B_3.jpg,0.670018141902367
056028_gt.jpg,056028B_4.jpg,-0.2868206046660376
056028_gt.jpg,056028C_1.jpg,0.1994790876821065
056028_gt.jpg,056028C_2.jpg,0.523369741696806
056028_gt.jpg,056028C_3.jpg,0.7991852381617298
056028_gt.jpg,056028C_4.jpg,-0.0510504291460406
056028_gt.jpg,056028D_1.jpg,0.5056664087044745
056028_gt.jpg,056028D_2.jpg,0.3963096171507685
056028_gt.jpg,056028D_3.jpg,-0.0291441534802727
056028_gt.jpg,056028D_4.jpg,-0.5768242702767992
056028_gt.jpg,056028F_1.jpg,0.293758139368512
056028_gt.jpg,056028F_10.jpg,0.6161319961484122
056028_gt.jpg,056028F_11.jpg,0.2955172002850934
056028_gt.jpg,056028F_12.jpg,0.5468879988425319
056028_gt.jpg,056028F_13.jpg,0.1464244107405107
056028_gt.jpg,056028F_2.jpg,0.19974024931695
056028_gt.jpg,056028F_3.jpg,0.4339820797587757
056028_gt.jpg,056028F_4.jpg,0.427704013358764
056028_gt.jpg,056028F_5.jpg,0.6967058384598668
056028_gt.jpg,056028F_6.jpg,0.3931942714105157
056028_gt.jpg,056028F_7.jpg,0.2416820643546123
056028_gt.jpg,056028F_8.jpg,0.2775446080737739
056028_gt.jpg,056028F_9.jpg,-0.1223565107394804
056028_gt.jpg,056028G_1.jpg,0.380341970962983
056028_gt.jpg,056028G_2.jpg,0.1290786189512104
056028_gt.jpg,056028G_3.jpg,0.2553198446777562
056028_gt.jpg,056028G_4.jpg,0.5267030770805324
056028_gt.jpg,056028I_1.jpg,-0.1915508506669294
056028_gt.jpg,056028L_1.jpg,0.9116341856986844
056028_gt.jpg,056028O_1.jpg,-0.2818406432034686
056028_gt.jpg,056028P_1.jpg,0.3360468561544779
056028_gt.jpg,056028Z_1.jpg,0.0184173950496433
056028_gt.jpg,056028Z_2.jpg,-0.0143335551944723
065019_gt.jpg,065019_gt.jpg,0.3969867273949056
065019_gt.jpg,065019A.jpg,-0.0702998797806551
065019_gt.jpg,065019AB_1.jpg,-0.79009637531496
065019_gt.jpg,065019AB_2.jpg,-0.6098340628136215
065019_gt.jpg,065019AB_3.jpg,-0.7050660777670543
065019_gt.jpg,065019AB_4.jpg,-1.3603808762831966
065019_gt.jpg,065019AC_1.jpg,-0.7699713651196938
065019_gt.jpg,065019AC_2.jpg,-0.2572773648631551
065019_gt.jpg,065019AC_3.jpg,-0.8821815216661266
065019_gt.jpg,065019AC_4.jpg,-0.4822346234480527
065019_gt.jpg,065019AD_1.jpg,-0.5115262305507451
065019_gt.jpg,065019AD_2.jpg,-1.2480569518876217
065019_gt.jpg,065019AD_3.jpg,-1.2874909863144572
065019_gt.jpg,065019AD_4.jpg,-1.537475698198459
065019_gt.jpg,065019AF_1.jpg,-0.1603421157633609
065019_gt.jpg,065019AF_10.jpg,-0.4898848834395746
065019_gt.jpg,065019AF_11.jpg,-0.3104535888741975
065019_gt.jpg,065019AF_12.jpg,-0.5767458816077604
065019_gt.jpg,065019AF_13.jpg,-0.5104136531521815
065019_gt.jpg,065019AF_2.jpg,-0.6432538479942133
065019_gt.jpg,065019AF_3.jpg,-0.4292860903756677
065019_gt.jpg,065019AF_4.jpg,-0.7400680664088148
065019_gt.jpg,065019AF_5.jpg,-0.6001355929141442
065019_gt.jpg,065019AF_6.jpg,-0.6414127452184875
065019_gt.jpg,065019AF_7.jpg,-0.3342535845488598
065019_gt.jpg,065019AF_8.jpg,0.045737814405717
065019_gt.jpg,065019AF_9.jpg,-0.8989471245350735
065019_gt.jpg,065019AG_1.jpg,-0.501938898991537
065019_gt.jpg,065019AG_2.jpg,-0.633738719222943
065019_gt.jpg,065019AG_3.jpg,-0.4061853035032347
065019_gt.jpg,065019AG_4.jpg,-0.7324492510916616
065019_gt.jpg,065019B_1.jpg,-0.3330530001451794
065019_gt.jpg,065019B_2.jpg,-0.5430731996144245
065019_gt.jpg,065019B_3.jpg,-0.3400718027285888
065019_gt.jpg,065019B_4.jpg,-1.569040307720056
065019_gt.jpg,065019C_1.jpg,-0.5106679573016795
065019_gt.jpg,065019C_2.jpg,0.4323511019933028
065019_gt.jpg,065019C_3.jpg,0.0382592786898467
065019_gt.jpg,065019C_4.jpg,-0.7746384581746626
065019_gt.jpg,065019D_1.jpg,0.0163728997573891
065019_gt.jpg,065019D_2.jpg,-0.7244505689406555
065019_gt.jpg,065019D_3.jpg,-1.1787060597400685
065019_gt.jpg,065019D_4.jpg,-0.9957108903997908
065019_gt.jpg,065019F_1.jpg,0.3885667323239151
065019_gt.jpg,065019F_10.jpg,0.0240062230358433
065019_gt.jpg,065019F_11.jpg,-0.1743411820507874
065019_gt.jpg,065019F_12.jpg,-0.1490823571709377
065019_gt.jpg,065019F_13.jpg,-0.6048605653295615
065019_gt.jpg,065019F_2.jpg,0.355265210308224
065019_gt.jpg,065019F_3.jpg,0.4807211662397411
065019_gt.jpg,065019F_4.jpg,0.4970556026375536
065019_gt.jpg,065019F_5.jpg,0.4003310372405513
065019_gt.jpg,065019F_6.jpg,0.3842810081975542
065019_gt.jpg,065019F_7.jpg,0.1451577973800742
065019_gt.jpg,065019F_8.jpg,0.0466585997953312
065019_gt.jpg,065019F_9.jpg,0.1092503871096887
065019_gt.jpg,065019G_1.jpg,0.3344589805672693
065019_gt.jpg,065019G_2.jpg,0.3470362640193115
065019_gt.jpg,065019G_3.jpg,-0.2212935189210255
065019_gt.jpg,065019G_4.jpg,0.508645664935055
065019_gt.jpg,065019I_1.jpg,-0.6211075026768561
065019_gt.jpg,065019L_1.jpg,0.2644302989848436
065019_gt.jpg,065019O_1.jpg,0.3741264031630096
065019_gt.jpg,065019P_1.jpg,0.5722735356478915
065019_gt.jpg,065019Z_1.jpg,0.213366224290886
065019_gt.jpg,065019Z_2.jpg,0.0153470494787937
078019_gt.jpg,078019_gt.jpg,0.3969867273949059
078019_gt.jpg,078019A.jpg,0.3866592313307083
078019_gt.jpg,078019AB_1.jpg,-0.7087118257296913
078019_gt.jpg,078019AB_2.jpg,0.0915442618233148
078019_gt.jpg,078019AB_3.jpg,0.5230644693086461
078019_gt.jpg,078019AB_4.jpg,-0.3369564050343674
078019_gt.jpg,078019AC_1.jpg,-0.338116307095532
078019_gt.jpg,078019AC_2.jpg,-0.0670331683817815
078019_gt.jpg,078019AC_3.jpg,0.3514209220775967
078019_gt.jpg,078019AC_4.jpg,-0.298112719994966
078019_gt.jpg,078019AD_1.jpg,0.5812115920256062
078019_gt.jpg,078019AD_2.jpg,-0.4793947445468997
078019_gt.jpg,078019AD_3.jpg,-0.4319680957683102
078019_gt.jpg,078019AD_4.jpg,-0.3934754387820558
078019_gt.jpg,078019AF_1.jpg,0.3911281846550021
078019_gt.jpg,078019AF_10.jpg,0.1960619548385953
078019_gt.jpg,078019AF_11.jpg,0.0944766631664427
078019_gt.jpg,078019AF_12.jpg,0.122359778627822
078019_gt.jpg,078019AF_13.jpg,0.155181576349072
078019_gt.jpg,078019AF_2.jpg,0.3779501473929551
078019_gt.jpg,078019AF_3.jpg,0.1084259828574379
078019_gt.jpg,078019AF_4.jpg,0.5874983239188951
078019_gt.jpg,078019AF_5.jpg,0.222383900086251
078019_gt.jpg,078019AF_6.jpg,0.3959358242688512
078019_gt.jpg,078019AF_7.jpg,0.2469691760494884
078019_gt.jpg,078019AF_8.jpg,-0.0451055498187111
078019_gt.jpg,078019AF_9.jpg,-0.2743453611106707
078019_gt.jpg,078019AG_1.jpg,0.3841386070279523
078019_gt.jpg,078019AG_2.jpg,0.1770423410375453
078019_gt.jpg,078019AG_3.jpg,0.4705040957756352
078019_gt.jpg,078019AG_4.jpg,0.1613460176217043
078019_gt.jpg,078019B_1.jpg,-0.7582536137850354
078019_gt.jpg,078019B_2.jpg,-0.2233702222577806
078019_gt.jpg,078019B_3.jpg,0.6271649821896566
078019_gt.jpg,078019B_4.jpg,0.2742348601099585
078019_gt.jpg,078019C_1.jpg,0.60267851838273
078019_gt.jpg,078019C_2.jpg,0.0218295485433533
078019_gt.jpg,078019C_3.jpg,0.3707466822880226
078019_gt.jpg,078019C_4.jpg,0.1130638737440431
078019_gt.jpg,078019D_1.jpg,0.5236239661813838
078019_gt.jpg,078019D_2.jpg,0.0912560384461998
078019_gt.jpg,078019D_3.jpg,-0.4226629931814133
078019_gt.jpg,078019D_4.jpg,-0.5061028540559455
078019_gt.jpg,078019F_1.jpg,0.5134618395900455
078019_gt.jpg,078019F_10.jpg,0.0964025996676351
078019_gt.jpg,078019F_11.jpg,0.0686163238354399
078019_gt.jpg,078019F_12.jpg,0.4170430134124456
078019_gt.jpg,078019F_13.jpg,0.4045432759165482
078019_gt.jpg,078019F_2.jpg,0.356270562903166
078019_gt.jpg,078019F_3.jpg,0.6424129178659905
078019_gt.jpg,078019F_4.jpg,0.5822203619327229
078019_gt.jpg,078019F_5.jpg,-0.0252157859351226
078019_gt.jpg,078019F_6.jpg,0.5918564346223499
078019_gt.jpg,078019F_7.jpg,0.5663069994141172
078019_gt.jpg,078019F_8.jpg,0.3447322232514634
078019_gt.jpg,078019F_9.jpg,0.1250002735540799
078019_gt.jpg,078019G_1.jpg,0.574628288847056
078019_gt.jpg,078019G_2.jpg,-0.3021569972214228
078019_gt.jpg,078019G_3.jpg,0.5356015962413683
078019_gt.jpg,078019G_4.jpg,0.5773516899791357
078019_gt.jpg,078019I_1.jpg,0.3724732258339595
078019_gt.jpg,078019L_1.jpg,-0.0786881051558041
078019_gt.jpg,078019O_1.jpg,-0.1946204698935669
078019_gt.jpg,078019P_1.jpg,-0.6365059086948658
078019_gt.jpg,078019Z_1.jpg,-0.4339269749897643
078019_gt.jpg,078019Z_2.jpg,-0.4467884497608652
118020_gt.jpg,118020_gt.jpg,0.3969867273949052
118020_gt.jpg,118020A.jpg,0.6298830077263606
118020_gt.jpg,118020AB_1.jpg,-0.6212541393177071
118020_gt.jpg,118020AB_2.jpg,-0.5156983535214136
118020_gt.jpg,118020AB_3.jpg,0.3499021930669677
118020_gt.jpg,118020AB_4.jpg,-0.197616196234554
118020_gt.jpg,118020AC_1.jpg,0.4304713255946692
118020_gt.jpg,118020AC_2.jpg,-0.2206342652507933
118020_gt.jpg,118020AC_3.jpg,0.467606838535886
118020_gt.jpg,118020AC_4.jpg,-0.1964654569091626
118020_gt.jpg,118020AD_1.jpg,0.3867357929359549
118020_gt.jpg,118020AD_2.jpg,0.3078784339506774
118020_gt.jpg,118020AD_3.jpg,0.1664882044385565
118020_gt.jpg,118020AD_4.jpg,-0.741383468202525
118020_gt.jpg,118020AF_1.jpg,0.7230388528209368
118020_gt.jpg,118020AF_10.jpg,-0.1305601653535927
118020_gt.jpg,118020AF_11.jpg,-0.4633151116635872
118020_gt.jpg,118020AF_12.jpg,-0.0949174435588807
118020_gt.jpg,118020AF_13.jpg,-0.3762018121758351
118020_gt.jpg,118020AF_2.jpg,0.8925854386039365
118020_gt.jpg,118020AF_3.jpg,0.574643787328504
118020_gt.jpg,118020AF_4.jpg,0.7239013037140258
118020_gt.jpg,118020AF_5.jpg,0.491100189835995
118020_gt.jpg,118020AF_6.jpg,-0.1023765200616254
118020_gt.jpg,118020AF_7.jpg,0.6115750569840164
118020_gt.jpg,118020AF_8.jpg,-0.0928172108473434
118020_gt.jpg,118020AF_9.jpg,0.3311162074673264
118020_gt.jpg,118020AG_1.jpg,0.4993834787634035
118020_gt.jpg,118020AG_2.jpg,0.3052057049654154
118020_gt.jpg,118020AG_3.jpg,0.6977027234383342
118020_gt.jpg,118020AG_4.jpg,0.0894226342253448
118020_gt.jpg,118020B_1.jpg,-1.270957791256878
118020_gt.jpg,118020B_2.jpg,-0.4489407407682016
118020_gt.jpg,118020B_3.jpg,0.3274410037879213
118020_gt.jpg,118020B_4.jpg,0.2374931355905137
118020_gt.jpg,118020C_1.jpg,-0.1531246884150384
118020_gt.jpg,118020C_2.jpg,0.7390881863838262
118020_gt.jpg,118020C_3.jpg,0.0085605147820402
118020_gt.jpg,118020C_4.jpg,-0.0579357797948329
118020_gt.jpg,118020D_1.jpg,0.1772574508401587
118020_gt.jpg,118020D_2.jpg,-0.0568606658666945
118020_gt.jpg,118020D_3.jpg,-0.4670788088284046
118020_gt.jpg,118020D_4.jpg,-0.5953799419167247
118020_gt.jpg,118020F_1.jpg,1.1521625763883736
118020_gt.jpg,118020F_10.jpg,0.0333414229799434
118020_gt.jpg,118020F_11.jpg,-0.1393700298602909
118020_gt.jpg,118020F_12.jpg,-0.7340038827807712
118020_gt.jpg,118020F_13.jpg,-0.2584818898183375
118020_gt.jpg,118020F_2.jpg,0.370993139613634
118020_gt.jpg,118020F_3.jpg,0.150616002964562
118020_gt.jpg,118020F_4.jpg,0.6313424353547463
118020_gt.jpg,118020F_5.jpg,-0.0970804162360934
118020_gt.jpg,118020F_6.jpg,0.1699804368877189
118020_gt.jpg,118020F_7.jpg,-0.2520521600902838
118020_gt.jpg,118020F_8.jpg,0.4683165173230066
118020_gt.jpg,118020F_9.jpg,-0.0481753560877042
118020_gt.jpg,118020G_1.jpg,0.3785573053120754
118020_gt.jpg,118020G_2.jpg,0.1753450766381759
118020_gt.jpg,118020G_3.jpg,0.211301059963101
118020_gt.jpg,118020G_4.jpg,0.5018070403705333
118020_gt.jpg,118020I_1.jpg,0.4529594929850943
118020_gt.jpg,118020L_1.jpg,-0.4969112623646997
118020_gt.jpg,118020O_1.jpg,0.5814428105894686
118020_gt.jpg,118020P_1.jpg,0.0941333690181127
118020_gt.jpg,118020Z_1.jpg,0.0381389045466315
118020_gt.jpg,118020Z_2.jpg,-0.5990921203842995
118035_gt.jpg,118035_gt.jpg,0.3969867273949058
118035_gt.jpg,118035A.jpg,0.1060474183556544
118035_gt.jpg,118035AB_1.jpg,-0.6933466034100915
118035_gt.jpg,118035AB_2.jpg,0.031295320133072
118035_gt.jpg,118035AB_3.jpg,0.5482759728934115
118035_gt.jpg,118035AB_4.jpg,0.4547830376144348
118035_gt.jpg,118035AC_1.jpg,-0.0393371120031383
118035_gt.jpg,118035AC_2.jpg,0.1614901799051402
118035_gt.jpg,118035AC_3.jpg,-0.0008252198757693
118035_gt.jpg,118035AC_4.jpg,-0.2408118794789694
118035_gt.jpg,118035AD_1.jpg,0.3820241974315134
118035_gt.jpg,118035AD_2.jpg,-0.1980617219209591
118035_gt.jpg,118035AD_3.jpg,-0.7481607604650149
118035_gt.jpg,118035AD_4.jpg,-0.7407950003822412
118035_gt.jpg,118035AF_1.jpg,0.2925375032198387
118035_gt.jpg,118035AF_10.jpg,-0.4004419381493972
118035_gt.jpg,118035AF_11.jpg,-0.1209428346709284
118035_gt.jpg,118035AF_12.jpg,-0.2466984151392111
118035_gt.jpg,118035AF_13.jpg,-0.2445564474989768
118035_gt.jpg,118035AF_2.jpg,0.3156619022122165
118035_gt.jpg,118035AF_3.jpg,0.2970171981597564
118035_gt.jpg,118035AF_4.jpg,0.1731523389425164
118035_gt.jpg,118035AF_5.jpg,0.2667414118183241
118035_gt.jpg,118035AF_6.jpg,0.7715505686726293
118035_gt.jpg,118035AF_7.jpg,0.4109447435460368
118035_gt.jpg,118035AF_8.jpg,-0.4120061825463305
118035_gt.jpg,118035AF_9.jpg,-0.4019062707822894
118035_gt.jpg,118035AG_1.jpg,0.4636037794087785
118035_gt.jpg,118035AG_2.jpg,0.4622122640840592
118035_gt.jpg,118035AG_3.jpg,0.3717757442741843
118035_gt.jpg,118035AG_4.jpg,0.1174273330174512
118035_gt.jpg,118035B_1.jpg,-0.6300252539413197
118035_gt.jpg,118035B_2.jpg,-0.1336219476623027
118035_gt.jpg,118035B_3.jpg,0.3295762887881062
118035_gt.jpg,118035B_4.jpg,0.1918959092955263
118035_gt.jpg,118035C_1.jpg,0.0071311162896519
118035_gt.jpg,118035C_2.jpg,0.1204649710732882
118035_gt.jpg,118035C_3.jpg,0.4179493025111447
118035_gt.jpg,118035C_4.jpg,-0.6191026745044039
118035_gt.jpg,118035D_1.jpg,0.0891465747113466
118035_gt.jpg,118035D_2.jpg,-0.9186569832278628
118035_gt.jpg,118035D_3.jpg,-0.6989503012148699
118035_gt.jpg,118035D_4.jpg,-1.1032778045221454
118035_gt.jpg,118035F_1.jpg,0.2161120683755285
118035_gt.jpg,118035F_10.jpg,-0.4363627660238968
118035_gt.jpg,118035F_11.jpg,0.2556889917566065
118035_gt.jpg,118035F_12.jpg,-0.6764342762121829
118035_gt.jpg,118035F_13.jpg,0.2163915857718403
118035_gt.jpg,118035F_2.jpg,0.0085796375390238
118035_gt.jpg,118035F_3.jpg,0.2986224350506257
118035_gt.jpg,118035F_4.jpg,0.3000841997698882
118035_gt.jpg,118035F_5.jpg,0.2627047640425921
118035_gt.jpg,118035F_6.jpg,0.2599201286931147
118035_gt.jpg,118035F_7.jpg,0.3118240814042119
118035_gt.jpg,118035F_8.jpg,-0.0933305311990516
118035_gt.jpg,118035F_9.jpg,-0.60218228348636
118035_gt.jpg,118035G_1.jpg,0.6549832039475214
118035_gt.jpg,118035G_2.jpg,0.3227159387816848
118035_gt.jpg,118035G_3.jpg,-0.1098162190632546
118035_gt.jpg,118035G_4.jpg,-0.114641958812446
118035_gt.jpg,118035I_1.jpg,-0.3146970707981626
118035_gt.jpg,118035L_1.jpg,0.0060890844970555
118035_gt.jpg,118035O_1.jpg,-0.587703562151722
118035_gt.jpg,118035P_1.jpg,-0.2786677723430617
118035_gt.jpg,118035Z_1.jpg,-0.3669917538431264
118035_gt.jpg,118035Z_2.jpg,-0.5071639957289391
140075_gt.jpg,140075_gt.jpg,0.3969867273949057
140075_gt.jpg,140075A.jpg,0.0675392574226421
140075_gt.jpg,140075AB_1.jpg,-0.4116061192109566
140075_gt.jpg,140075AB_2.jpg,0.0509445458593549
140075_gt.jpg,140075AB_3.jpg,0.082274495964496
140075_gt.jpg,140075AB_4.jpg,-0.3732158982954899
140075_gt.jpg,140075AC_1.jpg,-0.2964908937504955
140075_gt.jpg,140075AC_2.jpg,0.1572098153144553
140075_gt.jpg,140075AC_3.jpg,0.4100188725298968
140075_gt.jpg,140075AC_4.jpg,0.0927902485445723
140075_gt.jpg,140075AD_1.jpg,0.3320608439689892
140075_gt.jpg,140075AD_2.jpg,-0.5937232497260937
140075_gt.jpg,140075AD_3.jpg,-0.8046260776648981
140075_gt.jpg,140075AD_4.jpg,-0.984964095208802
140075_gt.jpg,140075AF_1.jpg,0.2367174112780403
140075_gt.jpg,140075AF_10.jpg,-0.3449614571336665
140075_gt.jpg,140075AF_11.jpg,-0.4393263577292424
140075_gt.jpg,140075AF_12.jpg,0.0083788530436665
140075_gt.jpg,140075AF_13.jpg,-0.2660844492407648
140075_gt.jpg,140075AF_2.jpg,0.176378971002391
140075_gt.jpg,140075AF_3.jpg,0.3590151422930308
140075_gt.jpg,140075AF_4.jpg,0.3850959901480222
140075_gt.jpg,140075AF_5.jpg,-0.0414833498101954
140075_gt.jpg,140075AF_6.jpg,-0.2944446154492465
140075_gt.jpg,140075AF_7.jpg,0.0254509055371511
140075_gt.jpg,140075AF_8.jpg,0.3517647655773405
140075_gt.jpg,140075AF_9.jpg,0.2179892653248583
140075_gt.jpg,140075AG_1.jpg,0.7904485865349486
140075_gt.jpg,140075AG_2.jpg,-0.0899668411555621
140075_gt.jpg,140075AG_3.jpg,-0.333260098553702
140075_gt.jpg,140075AG_4.jpg,-0.7767186315448552
140075_gt.jpg,140075B_1.jpg,-0.3679593515455952
140075_gt.jpg,140075B_2.jpg,0.1888306713736306
140075_gt.jpg,140075B_3.jpg,0.2777200191433776
140075_gt.jpg,140075B_4.jpg,0.1416473823264543
140075_gt.jpg,140075C_1.jpg,0.0096116142459635
140075_gt.jpg,140075C_2.jpg,-0.1714904011306762
140075_gt.jpg,140075C_3.jpg,0.6699589571615925
140075_gt.jpg,140075C_4.jpg,0.1408740149047316
140075_gt.jpg,140075D_1.jpg,0.3771865570009159
140075_gt.jpg,140075D_2.jpg,-0.265398509456333
140075_gt.jpg,140075D_3.jpg,-0.581566806938363
140075_gt.jpg,140075D_4.jpg,-0.5898908292953006
140075_gt.jpg,140075F_1.jpg,0.3737512000265161
140075_gt.jpg,140075F_10.jpg,-0.3137227934584938
140075_gt.jpg,140075F_11.jpg,-0.328159513328978
140075_gt.jpg,140075F_12.jpg,-0.3015535975813774
140075_gt.jpg,140075F_13.jpg,-0.1913109312734572
140075_gt.jpg,140075F_2.jpg,-0.0862723974444215
140075_gt.jpg,140075F_3.jpg,0.760336885336889
140075_gt.jpg,140075F_4.jpg,0.3931833896282498
140075_gt.jpg,140075F_5.jpg,0.406678238189979
140075_gt.jpg,140075F_6.jpg,0.4292420811998191
140075_gt.jpg,140075F_7.jpg,0.1059624697707448
140075_gt.jpg,140075F_8.jpg,0.6215501520324599
140075_gt.jpg,140075F_9.jpg,0.5540255568351545
140075_gt.jpg,140075G_1.jpg,0.3804990347890208
140075_gt.jpg,140075G_2.jpg,-0.0945229417378473
140075_gt.jpg,140075G_3.jpg,0.1106777617699125
140075_gt.jpg,140075G_4.jpg,-0.0899381257851716
140075_gt.jpg,140075I_1.jpg,-0.0094591281410795
140075_gt.jpg,140075L_1.jpg,-0.4953540549378626
140075_gt.jpg,140075O_1.jpg,0.3897457675434778
140075_gt.jpg,140075P_1.jpg,-0.1212102219061555
140075_gt.jpg,140075Z_1.jpg,0.1840368179759723
140075_gt.jpg,140075Z_2.jpg,0.1721264593519851
151087_gt.jpg,151087_gt.jpg,0.3969867273949054
151087_gt.jpg,151087A.jpg,0.399628024733317
151087_gt.jpg,151087AB_1.jpg,-0.6570959642402533
151087_gt.jpg,151087AB_2.jpg,-0.3770363012947548
151087_gt.jpg,151087AB_3.jpg,0.5707403045992182
151087_gt.jpg,151087AB_4.jpg,-0.2535014802796757
151087_gt.jpg,151087AC_1.jpg,0.1241543037263977
151087_gt.jpg,151087AC_2.jpg,-0.3448440496055376
151087_gt.jpg,151087AC_3.jpg,0.6727351145603521
151087_gt.jpg,151087AC_4.jpg,-0.431424584031026
151087_gt.jpg,151087AD_1.jpg,0.2223346583610641
151087_gt.jpg,151087AD_2.jpg,-0.4312952130619315
151087_gt.jpg,151087AD_3.jpg,-0.3038374656906621
151087_gt.jpg,151087AD_4.jpg,-1.2486576425242035
151087_gt.jpg,151087AF_1.jpg,0.3769903725579274
151087_gt.jpg,151087AF_10.jpg,0.3519864883018152
151087_gt.jpg,151087AF_11.jpg,0.084444842500712
151087_gt.jpg,151087AF_12.jpg,0.7172919343005957
151087_gt.jpg,151087AF_13.jpg,0.5360383543948891
151087_gt.jpg,151087AF_2.jpg,0.673911310480159
151087_gt.jpg,151087AF_3.jpg,0.3503502341671828
151087_gt.jpg,151087AF_4.jpg,0.4320839338264603
151087_gt.jpg,151087AF_5.jpg,0.6082244538199307
151087_gt.jpg,151087AF_6.jpg,0.0320415564042095
151087_gt.jpg,151087AF_7.jpg,0.2624468712918441
151087_gt.jpg,151087AF_8.jpg,-0.2527557535675699
151087_gt.jpg,151087AF_9.jpg,0.580685145954585
151087_gt.jpg,151087AG_1.jpg,0.8660011456721431
151087_gt.jpg,151087AG_2.jpg,0.2425599824111776
151087_gt.jpg,151087AG_3.jpg,0.8320042675621652
151087_gt.jpg,151087AG_4.jpg,-0.2699858850686965
151087_gt.jpg,151087B_1.jpg,-0.5587238222506745
151087_gt.jpg,151087B_2.jpg,-0.2382928830295469
151087_gt.jpg,151087B_3.jpg,0.6475340102665638
151087_gt.jpg,151087B_4.jpg,-0.3901692689563545
151087_gt.jpg,151087C_1.jpg,-0.3494390242918311
151087_gt.jpg,151087C_2.jpg,0.130996375528778
151087_gt.jpg,151087C_3.jpg,0.0976391333665057
151087_gt.jpg,151087C_4.jpg,-0.6682687167746965
151087_gt.jpg,151087D_1.jpg,0.0044786023468243
151087_gt.jpg,151087D_2.jpg,-0.5599625926535152
151087_gt.jpg,151087D_3.jpg,-0.9053919642898784
151087_gt.jpg,151087D_4.jpg,-0.7372670160724474
151087_gt.jpg,151087F_1.jpg,0.3299223261653158
151087_gt.jpg,151087F_10.jpg,0.2848783602672881
151087_gt.jpg,151087F_11.jpg,0.3452172844087399
151087_gt.jpg,151087F_12.jpg,0.5543383861856543
151087_gt.jpg,151087F_13.jpg,0.4152970913347674
151087_gt.jpg,151087F_2.jpg,0.4188774780310325
151087_gt.jpg,151087F_3.jpg,0.0807825138295842
151087_gt.jpg,151087F_4.jpg,0.1322258301847645
151087_gt.jpg,151087F_5.jpg,0.3058408949394172
151087_gt.jpg,151087F_6.jpg,0.3111354960218444
151087_gt.jpg,151087F_7.jpg,0.4967160637577325
151087_gt.jpg,151087F_8.jpg,0.4118556077965482
151087_gt.jpg,151087F_9.jpg,0.3322871196588571
151087_gt.jpg,151087G_1.jpg,0.7992246275073686
151087_gt.jpg,151087G_2.jpg,0.0960217043605094
151087_gt.jpg,151087G_3.jpg,0.405949577972979
151087_gt.jpg,151087G_4.jpg,0.7129071361515752
151087_gt.jpg,151087I_1.jpg,-0.6271800737333801
151087_gt.jpg,151087L_1.jpg,-0.2946735409773758
151087_gt.jpg,151087O_1.jpg,0.2252922079197467
151087_gt.jpg,151087P_1.jpg,-0.4149224265000483
151087_gt.jpg,151087Z_1.jpg,-0.7459231530869971
151087_gt.jpg,151087Z_2.jpg,-0.3214920492769969
153093_gt.jpg,153093_gt.jpg,0.3969867273949054
153093_gt.jpg,153093A.jpg,0.1005189689841703
153093_gt.jpg,153093AB_1.jpg,-1.1494743632190605
153093_gt.jpg,153093AB_2.jpg,-0.9488561732775572
153093_gt.jpg,153093AB_3.jpg,0.7986440756615784
153093_gt.jpg,153093AB_4.jpg,0.0588725793533006
153093_gt.jpg,153093AC_1.jpg,-0.2394543549944089
153093_gt.jpg,153093AC_2.jpg,0.172093316708127
153093_gt.jpg,153093AC_3.jpg,-0.2758381380343884
153093_gt.jpg,153093AC_4.jpg,-0.4856161760649463
153093_gt.jpg,153093AD_1.jpg,-0.1445902273088721
153093_gt.jpg,153093AD_2.jpg,-1.125982024574976
153093_gt.jpg,153093AD_3.jpg,-0.7716843926203375
153093_gt.jpg,153093AD_4.jpg,-0.905444514848082
153093_gt.jpg,153093AF_1.jpg,0.1867175952996204
153093_gt.jpg,153093AF_10.jpg,0.0108737394911241
153093_gt.jpg,153093AF_11.jpg,0.350689228436871
153093_gt.jpg,153093AF_12.jpg,0.2297138281894727
153093_gt.jpg,153093AF_13.jpg,0.0481298569103274
153093_gt.jpg,153093AF_2.jpg,0.232490861097913
153093_gt.jpg,153093AF_3.jpg,0.5268957762338575
153093_gt.jpg,153093AF_4.jpg,0.1178194040919513
153093_gt.jpg,153093AF_5.jpg,-0.0831558922508997
153093_gt.jpg,153093AF_6.jpg,0.0996661588224996
153093_gt.jpg,153093AF_7.jpg,0.1194119851505131
153093_gt.jpg,153093AF_8.jpg,-0.010615573884129
153093_gt.jpg,153093AF_9.jpg,0.5964579698869319
153093_gt.jpg,153093AG_1.jpg,-0.0533612658177737
153093_gt.jpg,153093AG_2.jpg,-0.02442289452653
153093_gt.jpg,153093AG_3.jpg,-0.0124609971234816
153093_gt.jpg,153093AG_4.jpg,0.2208713122459989
153093_gt.jpg,153093B_1.jpg,-0.8318385891270383
153093_gt.jpg,153093B_2.jpg,0.0811714329481821
153093_gt.jpg,153093B_3.jpg,0.0277470737701849
153093_gt.jpg,153093B_4.jpg,-0.5005244560035592
153093_gt.jpg,153093C_1.jpg,0.0552836798587091
153093_gt.jpg,153093C_2.jpg,-0.0361155835842053
153093_gt.jpg,153093C_3.jpg,-0.0125395732563613
153093_gt.jpg,153093C_4.jpg,-0.6681437598258305
153093_gt.jpg,153093D_1.jpg,0.1616065149816064
153093_gt.jpg,153093D_2.jpg,-0.7905518380373472
153093_gt.jpg,153093D_3.jpg,-1.2545223433009316
153093_gt.jpg,153093D_4.jpg,-1.1357390179916915
153093_gt.jpg,153093F_1.jpg,0.1253740412308973
153093_gt.jpg,153093F_10.jpg,0.3275527507028226
153093_gt.jpg,153093F_11.jpg,0.208443863319143
153093_gt.jpg,153093F_12.jpg,0.572193581094812
153093_gt.jpg,153093F_13.jpg,0.1750873016092716
153093_gt.jpg,153093F_2.jpg,0.2739080228139362
153093_gt.jpg,153093F_3.jpg,0.3725463335702262
153093_gt.jpg,153093F_4.jpg,0.5844811326788741
153093_gt.jpg,153093F_5.jpg,0.3467263565439225
153093_gt.jpg,153093F_6.jpg,0.2310124874832149
153093_gt.jpg,153093F_7.jpg,0.1818562612006518
153093_gt.jpg,153093F_8.jpg,-0.0248928772199752
153093_gt.jpg,153093F_9.jpg,0.5454105562081581
153093_gt.jpg,153093G_1.jpg,0.6004928595041177
153093_gt.jpg,153093G_2.jpg,0.5559852427900567
153093_gt.jpg,153093G_3.jpg,0.3663902961624919
153093_gt.jpg,153093G_4.jpg,0.4545604938226448
153093_gt.jpg,153093I_1.jpg,-0.6216586844877277
153093_gt.jpg,153093L_1.jpg,-0.3812124503427162
153093_gt.jpg,153093O_1.jpg,-0.0487265834309604
153093_gt.jpg,153093P_1.jpg,-0.3266381546777104
153093_gt.jpg,153093Z_1.jpg,-0.972337645596554
153093_gt.jpg,153093Z_2.jpg,-0.3970371717446354
187029_gt.jpg,187029_gt.jpg,0.396986727394906
187029_gt.jpg,187029A.jpg,0.6023913367950895
187029_gt.jpg,187029AB_1.jpg,-0.5345364644508608
187029_gt.jpg,187029AB_2.jpg,-0.5711935712785392
187029_gt.jpg,187029AB_3.jpg,0.6506314686392131
187029_gt.jpg,187029AB_4.jpg,-0.1337970645409698
187029_gt.jpg,187029AC_1.jpg,-0.3601242423061633
187029_gt.jpg,187029AC_2.jpg,0.419222923635771
187029_gt.jpg,187029AC_3.jpg,0.7867052219207937
187029_gt.jpg,187029AC_4.jpg,-0.2470301291371736
187029_gt.jpg,187029AD_1.jpg,-0.1478650414087918
187029_gt.jpg,187029AD_2.jpg,-0.6272938559457174
187029_gt.jpg,187029AD_3.jpg,-0.5294043541484746
187029_gt.jpg,187029AD_4.jpg,-0.8493706852397701
187029_gt.jpg,187029AF_1.jpg,0.3903418206066626
187029_gt.jpg,187029AF_10.jpg,0.1827411250217532
187029_gt.jpg,187029AF_11.jpg,0.0991987110690988
187029_gt.jpg,187029AF_12.jpg,0.2707650071074752
187029_gt.jpg,187029AF_13.jpg,0.3612463361148153
187029_gt.jpg,187029AF_2.jpg,0.5183844867793197
187029_gt.jpg,187029AF_3.jpg,0.6620428350614475
187029_gt.jpg,187029AF_4.jpg,0.9887182910343744
187029_gt.jpg,187029AF_5.jpg,0.5224683753282925
187029_gt.jpg,187029AF_6.jpg,0.9879513084208712
187029_gt.jpg,187029AF_7.jpg,0.5858192263898383
187029_gt.jpg,187029AF_8.jpg,0.1733767122313249
187029_gt.jpg,187029AF_9.jpg,0.4236678918234405
187029_gt.jpg,187029AG_1.jpg,0.7267353159247393
187029_gt.jpg,187029AG_2.jpg,0.3718700856827607
187029_gt.jpg,187029AG_3.jpg,0.1926699247899735
187029_gt.jpg,187029AG_4.jpg,0.1205268053647256
187029_gt.jpg,187029B_1.jpg,-0.6612149582447102
187029_gt.jpg,187029B_2.jpg,-0.0482510453609607
187029_gt.jpg,187029B_3.jpg,-0.0836780485224044
187029_gt.jpg,187029B_4.jpg,0.1230437592763188
187029_gt.jpg,187029C_1.jpg,-0.1773281337624456
187029_gt.jpg,187029C_2.jpg,0.1642650447208009
187029_gt.jpg,187029C_3.jpg,0.1807946511199878
187029_gt.jpg,187029C_4.jpg,-0.445265773762608
187029_gt.jpg,187029D_1.jpg,-0.1329677196975191
187029_gt.jpg,187029D_2.jpg,-0.2764962538407391
187029_gt.jpg,187029D_3.jpg,-1.1482883293846444
187029_gt.jpg,187029D_4.jpg,-0.4957698282245805
187029_gt.jpg,187029F_1.jpg,0.3056778428341679
187029_gt.jpg,187029F_10.jpg,0.1844744050566634
187029_gt.jpg,187029F_11.jpg,0.217952867260132
187029_gt.jpg,187029F_12.jpg,-0.0577009841747962
187029_gt.jpg,187029F_13.jpg,0.256859938715593
187029_gt.jpg,187029F_2.jpg,0.3425093348480483
187029_gt.jpg,187029F_3.jpg,0.3166185935256855
187029_gt.jpg,187029F_4.jpg,0.1648710826252936
187029_gt.jpg,187029F_5.jpg,0.2730686503490577
187029_gt.jpg,187029F_6.jpg,-0.2151883371920985
187029_gt.jpg,187029F_7.jpg,-0.1766477845464535
187029_gt.jpg,187029F_8.jpg,0.2787307029604245
187029_gt.jpg,187029F_9.jpg,0.0299254175399518
187029_gt.jpg,187029G_1.jpg,0.3040998958536196
187029_gt.jpg,187029G_2.jpg,0.0526535731731368
187029_gt.jpg,187029G_3.jpg,0.3189484863056323
187029_gt.jpg,187029G_4.jpg,0.107895670980961
187029_gt.jpg,187029I_1.jpg,-0.8672331490288034
187029_gt.jpg,187029L_1.jpg,-1.000303209030031
187029_gt.jpg,187029O_1.jpg,0.2179158294976832
187029_gt.jpg,187029P_1.jpg,0.4440812816249365
187029_gt.jpg,187029Z_1.jpg,-0.9159205002427095
187029_gt.jpg,187029Z_2.jpg,-0.3936933914231751
198023_gt.jpg,198023_gt.jpg,0.3969867273949057
198023_gt.jpg,198023A.jpg,0.5535412582225205
198023_gt.jpg,198023AB_1.jpg,-0.7407943844477825
198023_gt.jpg,198023AB_2.jpg,-0.6195369724981135
198023_gt.jpg,198023AB_3.jpg,0.2073509904539539
198023_gt.jpg,198023AB_4.jpg,-0.5980426556908631
198023_gt.jpg,198023AC_1.jpg,0.2539929501114852
198023_gt.jpg,198023AC_2.jpg,0.6624101090684102
198023_gt.jpg,198023AC_3.jpg,-0.1061581961921297
198023_gt.jpg,198023AC_4.jpg,-1.2318073541199612
198023_gt.jpg,198023AD_1.jpg,-0.4872506757279941
198023_gt.jpg,198023AD_2.jpg,-0.5785608168228056
198023_gt.jpg,198023AD_3.jpg,-0.969212338101177
198023_gt.jpg,198023AD_4.jpg,-0.865054316699676
198023_gt.jpg,198023AF_1.jpg,0.522742443790419
198023_gt.jpg,198023AF_10.jpg,0.6779261642561991
198023_gt.jpg,198023AF_11.jpg,0.6339976424023834
198023_gt.jpg,198023AF_12.jpg,0.2516930400119299
198023_gt.jpg,198023AF_13.jpg,0.0492216319910153
198023_gt.jpg,198023AF_2.jpg,0.5253248961671269
198023_gt.jpg,198023AF_3.jpg,0.2314073569247995
198023_gt.jpg,198023AF_4.jpg,0.1963243114631996
198023_gt.jpg,198023AF_5.jpg,0.2755842989379742
198023_gt.jpg,198023AF_6.jpg,0.2593886531010907
198023_gt.jpg,198023AF_7.jpg,0.7078444512550646
198023_gt.jpg,198023AF_8.jpg,0.5809781965521003
198023_gt.jpg,198023AF_9.jpg,0.5729808964082732
198023_gt.jpg,198023AG_1.jpg,0.6200769887589717
198023_gt.jpg,198023AG_2.jpg,1.0863735312854443
198023_gt.jpg,198023AG_3.jpg,0.0443765995963783
198023_gt.jpg,198023AG_4.jpg,0.7105156335732281
198023_gt.jpg,198023B_1.jpg,-0.5357344542197493
198023_gt.jpg,198023B_2.jpg,0.0510658205574641
198023_gt.jpg,198023B_3.jpg,-0.2292830319069916
198023_gt.jpg,198023B_4.jpg,-0.470448751591626
198023_gt.jpg,198023C_1.jpg,0.0724146888190349
198023_gt.jpg,198023C_2.jpg,-0.0417927627833059
198023_gt.jpg,198023C_3.jpg,-0.0023521593940866
198023_gt.jpg,198023C_4.jpg,-0.8584676734808884
198023_gt.jpg,198023D_1.jpg,-0.3270388163960939
198023_gt.jpg,198023D_2.jpg,-0.9312503180191114
198023_gt.jpg,198023D_3.jpg,-1.153178474877942
198023_gt.jpg,198023D_4.jpg,-1.194143562609735
198023_gt.jpg,198023F_1.jpg,0.3494161562689568
198023_gt.jpg,198023F_10.jpg,0.3074416615633322
198023_gt.jpg,198023F_11.jpg,-0.081661784669142
198023_gt.jpg,198023F_12.jpg,0.2443704221212844
198023_gt.jpg,198023F_13.jpg,0.0102842628313327
198023_gt.jpg,198023F_2.jpg,0.6755132077335032
198023_gt.jpg,198023F_3.jpg,0.6128164849274461
198023_gt.jpg,198023F_4.jpg,0.3155463759541485
198023_gt.jpg,198023F_5.jpg,0.7600864076902182
198023_gt.jpg,198023F_6.jpg,0.2023812750975458
198023_gt.jpg,198023F_7.jpg,0.1766557389117711
198023_gt.jpg,198023F_8.jpg,0.5672527307251174
198023_gt.jpg,198023F_9.jpg,0.4572481123619988
198023_gt.jpg,198023G_1.jpg,0.2866120142024815
198023_gt.jpg,198023G_2.jpg,0.3701624334785737
198023_gt.jpg,198023G_3.jpg,0.6753940834962991
198023_gt.jpg,198023G_4.jpg,-0.0822619392805145
198023_gt.jpg,198023I_1.jpg,-0.3758032616809778
198023_gt.jpg,198023L_1.jpg,-0.601622204876441
198023_gt.jpg,198023O_1.jpg,0.5368099512767589
198023_gt.jpg,198023P_1.jpg,0.3483480311102073
198023_gt.jpg,198023Z_1.jpg,-0.2782456103130111
198023_gt.jpg,198023Z_2.jpg,-0.0361681652107672
239096_gt.jpg,239096_gt.jpg,0.3969867273949063
239096_gt.jpg,239096A.jpg,-0.399024277267704
239096_gt.jpg,239096AB_1.jpg,-0.6654051324601745
239096_gt.jpg,239096AB_2.jpg,-0.7043954949625008
239096_gt.jpg,239096AB_3.jpg,-1.0169124332661723
239096_gt.jpg,239096AB_4.jpg,-1.1664398618119636
239096_gt.jpg,239096AC_1.jpg,-0.4386516526207381
239096_gt.jpg,239096AC_2.jpg,-0.3549089086205325
239096_gt.jpg,239096AC_3.jpg,-0.6763468979646736
239096_gt.jpg,239096AC_4.jpg,-0.615448593915111
239096_gt.jpg,239096AD_1.jpg,-0.0967449690290775
239096_gt.jpg,239096AD_2.jpg,-0.5498469895401871
239096_gt.jpg,239096AD_3.jpg,-0.9350017309593488
239096_gt.jpg,239096AD_4.jpg,-0.4906414008711676
239096_gt.jpg,239096AF_1.jpg,-0.0612251680975148
239096_gt.jpg,239096AF_10.jpg,-0.4696363911150825
239096_gt.jpg,239096AF_11.jpg,-0.5740182862441228
239096_gt.jpg,239096AF_12.jpg,-0.6388725133352836
239096_gt.jpg,239096AF_13.jpg,-0.5630174472780316
239096_gt.jpg,239096AF_2.jpg,0.2924449450764665
239096_gt.jpg,239096AF_3.jpg,0.2172839906747295
239096_gt.jpg,239096AF_4.jpg,-0.0617841849192083
239096_gt.jpg,239096AF_5.jpg,-0.0453273865345738
239096_gt.jpg,239096AF_6.jpg,-0.2659474978151774
239096_gt.jpg,239096AF_7.jpg,0.2776485315744989
239096_gt.jpg,239096AF_8.jpg,-0.0443223012119927
239096_gt.jpg,239096AF_9.jpg,-0.4670549318436608
239096_gt.jpg,239096AG_1.jpg,-0.1550764933329233
239096_gt.jpg,239096AG_2.jpg,-0.236863884869111
239096_gt.jpg,239096AG_3.jpg,0.0903517388705027
239096_gt.jpg,239096AG_4.jpg,-0.3650431749773126
239096_gt.jpg,239096B_1.jpg,-0.4680998028086849
239096_gt.jpg,239096B_2.jpg,-0.402207683056166
239096_gt.jpg,239096B_3.jpg,-0.1932961513865586
239096_gt.jpg,239096B_4.jpg,-0.790459229977043
239096_gt.jpg,239096C_1.jpg,-0.2711094966027648
239096_gt.jpg,239096C_2.jpg,0.4925517030221769
239096_gt.jpg,239096C_3.jpg,-0.150153245825509
239096_gt.jpg,239096C_4.jpg,-0.8937093613978339
239096_gt.jpg,239096D_1.jpg,0.5274305555016648
239096_gt.jpg,239096D_2.jpg,-0.820456891203221
239096_gt.jpg,239096D_3.jpg,-0.6300598879832093
239096_gt.jpg,239096D_4.jpg,-0.8387012924788805
239096_gt.jpg,239096F_1.jpg,0.3210377462010602
239096_gt.jpg,239096F_10.jpg,-0.4551062998430042
239096_gt.jpg,239096F_11.jpg,-0.2210436775578212
239096_gt.jpg,239096F_12.jpg,-0.7114732993622669
239096_gt.jpg,239096F_13.jpg,-0.3232571261581307
239096_gt.jpg,239096F_2.jpg,-0.010945455094743
239096_gt.jpg,239096F_3.jpg,0.2110400243415581
239096_gt.jpg,239096F_4.jpg,0.3782894575190639
239096_gt.jpg,239096F_5.jpg,0.4348828896924808
239096_gt.jpg,239096F_6.jpg,0.2809921131067823
239096_gt.jpg,239096F_7.jpg,0.3910926342787726
239096_gt.jpg,239096F_8.jpg,-0.0294827803091548
239096_gt.jpg,239096F_9.jpg,0.1576880795308015
239096_gt.jpg,239096G_1.jpg,0.4975410020360972
239096_gt.jpg,239096G_2.jpg,-0.0502077439795917
239096_gt.jpg,239096G_3.jpg,0.4487949472301524
239096_gt.jpg,239096G_4.jpg,-0.1110976184302714
239096_gt.jpg,239096I_1.jpg,-0.3461239577243831
239096_gt.jpg,239096L_1.jpg,0.2161161162217548
239096_gt.jpg,239096O_1.jpg,0.4836465394817571
239096_gt.jpg,239096P_1.jpg,1.1385605240776462
239096_gt.jpg,239096Z_1.jpg,0.2509208931263406
239096_gt.jpg,239096Z_2.jpg,0.3811189883748218
242078_gt.jpg,242078_gt.jpg,0.3969867273949056
242078_gt.jpg,242078A.jpg,0.3811970369610005
242078_gt.jpg,242078AB_1.jpg,-0.6737563661525856
242078_gt.jpg,242078AB_2.jpg,-0.3671928806812473
242078_gt.jpg,242078AB_3.jpg,-0.0483568229761246
242078_gt.jpg,242078AB_4.jpg,-0.4840654179238395
242078_gt.jpg,242078AC_1.jpg,-0.0982429322799021
242078_gt.jpg,242078AC_2.jpg,-0.2555624835755378
242078_gt.jpg,242078AC_3.jpg,0.0978335657628765
242078_gt.jpg,242078AC_4.jpg,0.326354737934211
242078_gt.jpg,242078AD_1.jpg,-0.2709214023013725
242078_gt.jpg,242078AD_2.jpg,-0.4333411020024916
242078_gt.jpg,242078AD_3.jpg,-0.6251072648921498
242078_gt.jpg,242078AD_4.jpg,-0.6014670883359635
242078_gt.jpg,242078AF_1.jpg,-0.0232468881350199
242078_gt.jpg,242078AF_10.jpg,0.1573557414239953
242078_gt.jpg,242078AF_11.jpg,-0.3843757906770764
242078_gt.jpg,242078AF_12.jpg,-0.0592866771751281
242078_gt.jpg,242078AF_13.jpg,0.2414845694216389
242078_gt.jpg,242078AF_2.jpg,-0.232758996639527
242078_gt.jpg,242078AF_3.jpg,0.2034371713279876
242078_gt.jpg,242078AF_4.jpg,-0.0786107324470953
242078_gt.jpg,242078AF_5.jpg,-0.1888257885934923
242078_gt.jpg,242078AF_6.jpg,0.1717815382128452
242078_gt.jpg,242078AF_7.jpg,-0.1636995731439066
242078_gt.jpg,242078AF_8.jpg,0.0100387064052595
242078_gt.jpg,242078AF_9.jpg,0.1794642252690202
242078_gt.jpg,242078AG_1.jpg,0.1937946843852837
242078_gt.jpg,242078AG_2.jpg,-0.5870559217199268
242078_gt.jpg,242078AG_3.jpg,-0.2558277872839383
242078_gt.jpg,242078AG_4.jpg,-0.0452189746658419
242078_gt.jpg,242078B_1.jpg,-0.7454410089250882
242078_gt.jpg,242078B_2.jpg,0.2536238204891032
242078_gt.jpg,242078B_3.jpg,-0.9726792278382332
242078_gt.jpg,242078B_4.jpg,-0.6184820266690167
242078_gt.jpg,242078C_1.jpg,-0.3108145718916326
242078_gt.jpg,242078C_2.jpg,-0.4564713190706128
242078_gt.jpg,242078C_3.jpg,0.2018053833239543
242078_gt.jpg,242078C_4.jpg,-0.4213004892214115
242078_gt.jpg,242078D_1.jpg,0.2047451381209667
242078_gt.jpg,242078D_2.jpg,-0.5845509511097513
242078_gt.jpg,242078D_3.jpg,-0.4775095812310848
242078_gt.jpg,242078D_4.jpg,-0.6619079291001336
242078_gt.jpg,242078F_1.jpg,0.5251483390298471
242078_gt.jpg,242078F_10.jpg,0.0396215615701872
242078_gt.jpg,242078F_11.jpg,-0.2005464421383158
242078_gt.jpg,242078F_12.jpg,0.3572958105986867
242078_gt.jpg,242078F_13.jpg,-0.181271037658408
242078_gt.jpg,242078F_2.jpg,0.4874102822841356
242078_gt.jpg,242078F_3.jpg,0.726346282860594
242078_gt.jpg,242078F_4.jpg,0.0800129795059799
242078_gt.jpg,242078F_5.jpg,0.6758164356465848
242078_gt.jpg,242078F_6.jpg,0.4450041237804309
242078_gt.jpg,242078F_7.jpg,0.3537731502177157
242078_gt.jpg,242078F_8.jpg,-0.2079747769118212
242078_gt.jpg,242078F_9.jpg,-0.0243506059908997
242078_gt.jpg,242078G_1.jpg,0.2062318203108626
242078_gt.jpg,242078G_2.jpg,0.4133182854698637
242078_gt.jpg,242078G_3.jpg,0.3205835004094249
242078_gt.jpg,242078G_4.jpg,-0.2596666314689845
242078_gt.jpg,242078I_1.jpg,-0.7593162318580806
242078_gt.jpg,242078L_1.jpg,-0.4436532044203538
242078_gt.jpg,242078O_1.jpg,0.1546346922276068
242078_gt.jpg,242078P_1.jpg,-0.588078795840801
242078_gt.jpg,242078Z_1.jpg,-0.5517351416564523
242078_gt.jpg,242078Z_2.jpg,-1.2305560897283652
323016_gt.jpg,323016_gt.jpg,0.3969867273949059
323016_gt.jpg,323016A.jpg,0.5617907785159794
323016_gt.jpg,323016AB_1.jpg,0.3581923088706009
323016_gt.jpg,323016AB_2.jpg,0.6602616833597718
323016_gt.jpg,323016AB_3.jpg,0.3930007679405164
323016_gt.jpg,323016AB_4.jpg,-0.0674109196934988
323016_gt.jpg,323016AC_1.jpg,0.5892463803291317
323016_gt.jpg,323016AC_2.jpg,0.4722479166629174
323016_gt.jpg,323016AC_3.jpg,-0.1840695132098356
323016_gt.jpg,323016AC_4.jpg,-0.3962801966124555
323016_gt.jpg,323016AD_1.jpg,0.467652614744113
323016_gt.jpg,323016AD_2.jpg,-0.5106762934962886
323016_gt.jpg,323016AD_3.jpg,-0.8681535528090137
323016_gt.jpg,323016AD_4.jpg,-0.2805583441058369
323016_gt.jpg,323016AF_1.jpg,0.7809156550744221
323016_gt.jpg,323016AF_10.jpg,0.388804916525434
323016_gt.jpg,323016AF_11.jpg,-1.3028427710060375
323016_gt.jpg,323016AF_12.jpg,-1.1268221535875824
323016_gt.jpg,323016AF_13.jpg,-1.6598310040685031
323016_gt.jpg,323016AF_2.jpg,0.526170338346542
323016_gt.jpg,323016AF_3.jpg,0.5059087827602775
323016_gt.jpg,323016AF_4.jpg,0.2774287057144963
323016_gt.jpg,323016AF_5.jpg,0.6180347537329435
323016_gt.jpg,323016AF_6.jpg,0.6272768049729184
323016_gt.jpg,323016AF_7.jpg,0.6586383032378893
323016_gt.jpg,323016AF_8.jpg,0.4428407610861226
323016_gt.jpg,323016AF_9.jpg,-1.0392656918655636
323016_gt.jpg,323016AG_1.jpg,0.7196140093067906
323016_gt.jpg,323016AG_2.jpg,0.7318360623754973
323016_gt.jpg,323016AG_3.jpg,0.6695386592802802
323016_gt.jpg,323016AG_4.jpg,-0.2592878645699853
323016_gt.jpg,323016B_1.jpg,0.2943168162570363
323016_gt.jpg,323016B_2.jpg,0.490905727110257
323016_gt.jpg,323016B_3.jpg,-0.1769202548627515
323016_gt.jpg,323016B_4.jpg,-0.6356172382070511
323016_gt.jpg,323016C_1.jpg,-0.3204794096868218
323016_gt.jpg,323016C_2.jpg,0.1833030076042675
323016_gt.jpg,323016C_3.jpg,0.4429220913623857
323016_gt.jpg,323016C_4.jpg,-0.112660458009858
323016_gt.jpg,323016D_1.jpg,0.3555230279620872
323016_gt.jpg,323016D_2.jpg,-0.5611847148323528
323016_gt.jpg,323016D_3.jpg,-1.1209656888506607
323016_gt.jpg,323016D_4.jpg,-1.2891234353265013
323016_gt.jpg,323016F_1.jpg,0.4760738086952432
323016_gt.jpg,323016F_10.jpg,-0.4431712609760431
323016_gt.jpg,323016F_11.jpg,-1.1839504841700643
323016_gt.jpg,323016F_12.jpg,-0.8514021057502955
323016_gt.jpg,323016F_13.jpg,-1.8273382527610176
323016_gt.jpg,323016F_2.jpg,0.6271503497012152
323016_gt.jpg,323016F_3.jpg,0.184398240693822
323016_gt.jpg,323016F_4.jpg,0.374868227169104
323016_gt.jpg,323016F_5.jpg,0.0122626364840167
323016_gt.jpg,323016F_6.jpg,0.6677310338104046
323016_gt.jpg,323016F_7.jpg,-0.1054349840641487
323016_gt.jpg,323016F_8.jpg,0.5257257361088558
323016_gt.jpg,323016F_9.jpg,-0.5291471701219248
323016_gt.jpg,323016G_1.jpg,0.2434952582049036
323016_gt.jpg,323016G_2.jpg,0.1821141195943127
323016_gt.jpg,323016G_3.jpg,-0.5135829395515789
323016_gt.jpg,323016G_4.jpg,0.0955486805778469
323016_gt.jpg,323016I_1.jpg,0.0885294228797813
323016_gt.jpg,323016L_1.jpg,-0.5151184838704602
323016_gt.jpg,323016O_1.jpg,0.3244742506610352
323016_gt.jpg,323016P_1.jpg,-0.373738788194614
323016_gt.jpg,323016Z_1.jpg,-0.7090675533970433
323016_gt.jpg,323016Z_2.jpg,-0.3379383430328483
376001_gt.jpg,376001_gt.jpg,0.3969867273949058
376001_gt.jpg,376001A.jpg,0.3510101199465968
376001_gt.jpg,376001AB_1.jpg,-0.8248810129725695
376001_gt.jpg,376001AB_2.jpg,0.3997265729582711
376001_gt.jpg,376001AB_3.jpg,0.7176326416001522
376001_gt.jpg,376001AB_4.jpg,-0.1570749130728289
376001_gt.jpg,376001AC_1.jpg,0.49236531058329
376001_gt.jpg,376001AC_2.jpg,0.3437594323453855
376001_gt.jpg,376001AC_3.jpg,-0.0314202619618371
376001_gt.jpg,376001AC_4.jpg,-0.3789668335938375
376001_gt.jpg,376001AD_1.jpg,0.652354274152244
376001_gt.jpg,376001AD_2.jpg,-0.2686522881077294
376001_gt.jpg,376001AD_3.jpg,-1.292694041604059
376001_gt.jpg,376001AD_4.jpg,-1.253522266350743
376001_gt.jpg,376001AF_1.jpg,0.6148312017350985
376001_gt.jpg,376001AF_10.jpg,-0.1555936145528808
376001_gt.jpg,376001AF_11.jpg,-0.1920394613287235
376001_gt.jpg,376001AF_12.jpg,-0.0507513076535398
376001_gt.jpg,376001AF_13.jpg,0.1456095916160603
376001_gt.jpg,376001AF_2.jpg,0.3267543542769791
376001_gt.jpg,376001AF_3.jpg,0.5888517275441337
376001_gt.jpg,376001AF_4.jpg,-0.2746461641062722
376001_gt.jpg,376001AF_5.jpg,0.6579114191917562
376001_gt.jpg,376001AF_6.jpg,0.2285076433371799
376001_gt.jpg,376001AF_7.jpg,0.0598540110181995
376001_gt.jpg,376001AF_8.jpg,-0.1551571840653626
376001_gt.jpg,376001AF_9.jpg,0.0877965561427868
376001_gt.jpg,376001AG_1.jpg,0.3869843854205125
376001_gt.jpg,376001AG_2.jpg,0.2721030813767501
376001_gt.jpg,376001AG_3.jpg,-0.0358299270814347
376001_gt.jpg,376001AG_4.jpg,-0.1229714324768684
376001_gt.jpg,376001B_1.jpg,-0.1898100962845003
376001_gt.jpg,376001B_2.jpg,-0.0281541741210636
376001_gt.jpg,376001B_3.jpg,0.084827747070998
376001_gt.jpg,376001B_4.jpg,-1.032954058290107
376001_gt.jpg,376001C_1.jpg,-0.1169939356052733
376001_gt.jpg,376001C_2.jpg,0.2581227068582631
376001_gt.jpg,376001C_3.jpg,-0.2903455236696586
376001_gt.jpg,376001C_4.jpg,-1.095957913952247
376001_gt.jpg,376001D_1.jpg,0.1266347686331083
376001_gt.jpg,376001D_2.jpg,-0.6137817311638596
376001_gt.jpg,376001D_3.jpg,-0.6845376430878182
376001_gt.jpg,376001D_4.jpg,-0.8517774653683073
376001_gt.jpg,376001F_1.jpg,0.211295778539801
376001_gt.jpg,376001F_10.jpg,0.5723765786438977
376001_gt.jpg,376001F_11.jpg,0.0793695118085322
376001_gt.jpg,376001F_12.jpg,0.6310169591667951
376001_gt.jpg,376001F_13.jpg,0.0231394643070628
376001_gt.jpg,376001F_2.jpg,0.4332563148157805
376001_gt.jpg,376001F_3.jpg,0.3054636226275788
376001_gt.jpg,376001F_4.jpg,0.204699114520683
376001_gt.jpg,376001F_5.jpg,0.4568435483839486
376001_gt.jpg,376001F_6.jpg,0.3528900741014457
376001_gt.jpg,376001F_7.jpg,0.0878756587374902
376001_gt.jpg,376001F_8.jpg,0.5013197351021048
376001_gt.jpg,376001F_9.jpg,0.1828865040778124
376001_gt.jpg,376001G_1.jpg,0.0501078737027069
376001_gt.jpg,376001G_2.jpg,0.464697751332294
376001_gt.jpg,376001G_3.jpg,0.3528353721331877
376001_gt.jpg,376001G_4.jpg,0.6001357022581921
376001_gt.jpg,376001I_1.jpg,0.5952077418952475
376001_gt.jpg,376001L_1.jpg,-0.3249232333654165
376001_gt.jpg,376001O_1.jpg,0.5933070666022244
376001_gt.jpg,376001P_1.jpg,0.8631469959072773
376001_gt.jpg,376001Z_1.jpg,0.7921684062933894
376001_gt.jpg,376001Z_2.jpg,0.4178163733488976
